time_days,loss_percent,met_percent,ace_percent,srb_percent,ph_median,ph_min,ph_max,dic_median_mmol_kgw,dic_min_mmol_kgw,dic_max_mmol_kgw
2.0,0.0021827103367999838,0.0009802904388359754,2.6025183596027205e-05,0.0011763947143679809,6.048390833547668,6.048271236636858,6.062227207621302,0.9315759572357617,0.8997445604757042,0.9318958186650231
4.0,0.11678044465067004,0.026409146756358966,0.00011189126486997266,0.0902594066294411,6.101829380017604,6.101775223504013,6.636761840382116,0.8169881493986053,0.22639566547788534,0.817124999308213
6.0,0.30516531859466617,0.16916714730441434,0.00027357037391644246,0.13572460091633543,6.116066138300483,6.116051288544552,7.269636410525634,0.7904879803802213,0.055220567669941004,0.7905059981875959
8.0,0.5942094099374371,0.4200297030748599,0.0004808425526289263,0.17369886430994824,6.119351226394359,6.119331359417744,7.5131307884409955,0.7859382756295552,0.03322068122508593,0.7859660223628159
10.0,0.9038221105453532,0.6914002902984799,0.0007334319610889021,0.21168838828578415,6.119701634437035,6.1196713645439225,7.638252837853798,0.7870934518817263,0.02594457276582377,0.7871418628559682
12.0,1.2184824748652827,0.9878886007165547,0.0010350640923029503,0.22955881005642478,6.119312880082036,6.119242807681082,7.661544362901821,0.7896968358340158,0.024689092308863958,0.7898213661247726
14.0,1.5452648468790322,1.2941875867303358,0.001388606550953394,0.24968865359774267,6.118770075867477,6.118625069519919,7.660831155325268,0.7926124639918727,0.024768641632495116,0.7928846938094777
16.0,1.8760786389149435,1.6069195753767505,0.0018230708946401178,0.26733599264355284,6.1182976710318275,6.1179738136483826,7.660611013753433,0.7954071313778988,0.024850642406642292,0.7960329368849357
18.0,2.209358361343581,1.9392389082880455,0.002371156374858987,0.26774829668067657,6.118069720471358,6.117329701781195,7.660216091584064,0.7977379487420149,0.024935464145806746,0.7991883373342986
20.0,2.5680642260030653,2.2672350304436666,0.003080074489326102,0.2977491210700728,6.1182046158914485,6.116702631076162,7.654123381749666,0.7993723748236103,0.025023313178294867,0.8023357263639334
22.0,2.9247174002945804,2.615314939502179,0.0039991821351461464,0.30540327865725564,6.11900081936532,6.116095184687717,7.659332521356558,0.7997060213978759,0.02511336985215356,0.8054564381486415
24.0,3.3148519809431405,2.9910424952204435,0.0051758909987448965,0.31863359472395253,6.120875896201106,6.1155082358445885,7.653147173748121,0.7979396104965528,0.025206337039495114,0.8085622398380661
26.0,3.7351798026828953,3.385092993555778,0.006688082275916006,0.3433987268512011,6.1247889811845075,6.114940319281505,7.6485631762759105,0.7922303968366269,0.025301419056652952,0.8116407127107126
28.0,4.152641335694454,3.800633761432131,0.008608847411120757,0.3433987268512011,6.133874884926186,6.1143924456264,7.657736620708368,0.7768364973005271,0.02539855864073289,0.8146889239181516
30.0,4.5692836717501475,4.214440027432415,0.011076001108027282,0.3437676432097062,6.153096386261261,6.113863761544508,7.651432058084852,0.7442597671136013,0.025498712628500137,0.8177258294558166
32.0,5.01133045909121,4.625896358750164,0.014257592576646919,0.3711765077644009,6.412521883693341,6.113351028777977,7.65810124336729,0.49775964707842435,0.025601735674857077,0.820755459167876
34.0,5.463228313430694,5.0634599740228605,0.01836037214078454,0.38140796726704834,6.724589473438336,6.112853588128574,7.65176234700981,0.4148175926374471,0.025706893025930558,0.8237658480375447
36.0,5.930269572293773,5.5252285535758725,0.02363305145085198,0.38140796726704834,6.845397906958382,6.112372440412174,7.645510130022066,0.3926021790710495,0.025814664617627735,0.8267633486332892
38.0,6.396873203710926,5.984673082099435,0.0304338233300313,0.38176629828145936,6.885158855868575,6.1119061630821045,7.6581458358317755,0.3615685958691291,0.02592497863380826,0.8297490804958123
40.0,6.8926291952389915,6.444948021641752,0.039223573452928054,0.4084576001443115,7.138882471088104,6.111454246676574,7.6551152011911014,0.11679500832226616,0.02603806216235459,0.832730089573067
42.0,7.401899248595279,6.931778865287379,0.05058783191979043,0.41953255138810763,7.447765368433526,6.111015155232516,7.648635882552498,0.03949704175140698,0.026152024214606377,0.835694506004519
44.0,7.927430908944733,7.442628958282567,0.06526939927405725,0.41953255138810763,7.558066226032086,6.110590229006755,7.64224661465169,0.02980860796254971,0.026266847259224686,0.8386479722147789
46.0,8.456007569791161,7.952214913848593,0.08426010455446248,0.41953255138810763,7.565330543749289,6.110178191818921,7.659526305968227,0.026538190434076788,0.026382785364433652,0.8415926380727193
48.0,8.985313190607346,8.456927006181067,0.10885363303817114,0.41953255138810763,7.559410442283992,6.10977854112024,7.652849516113158,0.02663194158989007,0.02650059746656197,0.8445346671302993
50.0,9.523526179365112,8.962899351181603,0.14074687479352965,0.41987995338997897,7.5532646744853205,6.109390067113448,7.646280929583137,0.026727954967769852,0.026619296407492506,0.8474776117078823
52.0,10.076128801677715,9.469659689556071,0.18183873185413413,0.42463038026751154,7.547598163471733,6.108914554392956,7.640740151874715,0.02669468612540024,0.026606293886690877,0.8482519499739004
54.0,10.59052234612274,9.935287659882865,0.2305811000963652,0.42465358614350884,7.541896246389722,6.108790377472983,7.639651078981418,0.026693475260119753,0.026591059710207827,0.8482707890571227
56.0,11.099970666977436,10.390473321527738,0.2848330329697609,0.42466431247993536,7.536286585720246,6.108777723609204,7.6396963412110654,0.026692512169582527,0.02657860091223149,0.8480744478114058
58.0,11.61328774254575,10.844799069592046,0.3438131225390551,0.42467555041464944,7.530771194609848,6.108796444579182,7.639769333495115,0.026690113721598394,0.02656584463363821,0.8478151061544275
60.0,12.12939128808373,11.29827383515383,0.40643056863775134,0.42468688429214907,7.525347597546439,6.108824352474096,7.639843251093698,0.02668862071642017,0.02655286946401118,0.8475340331429607
62.0,12.647511750664602,11.750909347710435,0.47190414818538234,0.4246982547687875,7.5200117480665165,6.10885553977468,7.6399177368255815,0.026688043043819012,0.0265415430091985,0.847244555376882
64.0,13.168430973396113,12.202715986122563,0.5410053501879302,0.4247096370856203,7.514759955769025,6.108888068383071,7.639992622611122,0.026696142365937557,0.026529819704973777,0.8469511930652432
66.0,13.693220772869362,12.653705282131591,0.6147944931825591,0.4247209975552096,7.509588827534208,6.108921282682359,7.640067818300593,0.026711032378426786,0.026515135778068407,0.8466555511109184
68.0,14.22194669370144,13.103876367564157,0.6933379053207664,0.42473242081651774,7.504495918505135,6.108954868117182,7.640144137715293,0.02672752921470445,0.026501959204297133,0.8463559843530114
70.0,14.752188643964864,13.553231863018226,0.7742128848968174,0.4247438960498209,7.49947813400788,6.108989122999029,7.640221361231631,0.026745594700512205,0.026490329680043827,0.8460524388777237
72.0,15.284177642611747,14.001772648405522,0.8576495990249585,0.4247553951812645,7.494532449484888,6.109024076899445,7.640299207149021,0.026765211574729345,0.026480332330430328,0.8457455989927171
74.0,15.816675122719285,14.449488203087931,0.9424200135548609,0.4247669060764944,7.489656183418045,6.1090596323028326,7.640377557111886,0.02678633128185858,0.026472073112492594,0.845435945465168
76.0,16.33900519733291,14.887068650871003,1.0271593324868924,0.4247772139750125,7.4848465324596205,6.109095750976048,7.640456028558798,0.026808956630952126,0.026464070575268332,0.8451245636913381
78.0,16.81898681430344,15.286820952025815,1.1073867280077483,0.42477913426987524,7.4800994971622465,6.109132426057991,7.640533887171246,0.026833333167056383,0.026474764830669364,0.8448166806664789
80.0,17.298336266400806,15.685984210861609,1.187571870480299,0.4247801850588976,7.475407889680582,6.1091693027197715,7.640615246078954,0.02686030345814336,0.026462972776382352,0.8445288628220641
82.0,17.777078057712448,16.084580238229503,1.267717033153194,0.42478078632974803,7.470775730947761,6.109203094220968,7.64075836168421,0.026888682461399714,0.02645120892171214,0.844247707937031
84.0,18.25523061785522,16.482625788993957,1.347823679406111,0.4247811494551555,7.466201036787912,6.1092360424260175,7.6409017097612795,0.026918423422145815,0.02643945547056333,0.8439684897137343
86.0,18.73281049809334,16.88013597995967,1.427893138313751,0.42478137981991837,7.461681907920625,6.10926883567,7.6410452327700185,0.02694948482825952,0.02642771202231531,0.8436897676936439
88.0,19.20983181120959,17.277123699595194,1.5079265789132694,0.4247815327011277,7.457216540045568,6.109301683644452,7.641188148616368,0.02698182734520841,0.02641597827818663,0.8434111000358903
90.0,19.686304930003956,17.673598348553103,1.5879249430008235,0.42478163845002725,7.4528032164028115,6.1093346509277415,7.641330991735442,0.02701541384196612,0.026404253962856925,0.8431323478297862
92.0,20.16223305029666,18.06956256831529,1.6678887675498446,0.4247817144315275,7.448440303026698,6.10936775806378,7.641473936974859,0.027050209089387864,0.0263925389606157,0.8428534666872833
94.0,20.637600986811506,18.465001612241764,1.7478176036194677,0.42478177095027925,7.444126242339406,6.109401011987594,7.6416169731043615,0.027086179855718727,0.026380833354280504,0.8425744440611767
96.0,21.112318741480376,18.859829854575445,1.8277070725871136,0.42478181431781503,7.439859546622364,6.10943441516518,7.641760085848278,0.027123295105714942,0.02636913776947592,0.8422952863276579
98.0,21.53201260524669,19.208852417649734,1.8983783732439843,0.42478181435296436,7.435638784109939,6.109467968157118,7.641903235524324,0.02716152762014794,0.026357455032848698,0.8420160429176665
100.0,21.951335917846997,19.55752595268604,1.9690281501111122,0.42478181504983686,7.431453597350756,6.109502384283217,7.642026224272997,0.02720249944241836,0.026347401170767167,0.8417637875029998
102.0,22.370306111701257,19.905866106558957,2.03965818893439,0.42478181620790556,7.427311552293464,6.109532566722893,7.642149303973697,0.027244528734368986,0.026337344270871935,0.8415204523039732
104.0,22.78893317017763,20.25388221133751,2.1102691411561665,0.42478181768395445,7.423211424494486,6.109561550994631,7.642272505551356,0.027287589382962933,0.026327287523285347,0.8412796094910974
106.0,23.207226560657528,20.60158313192603,2.180861609357587,0.4247818193739078,7.419152041618144,6.109590271715669,7.642395839972292,0.02733165667200289,0.026317230786724388,0.8410393120618254
108.0,23.62519524115601,20.94897727245791,2.2514361474970435,0.4247818212010508,7.415132282355619,6.1096190117652736,7.642519314309375,0.027376706874524332,0.026307173971816613,0.8407989704258857
110.0,24.042847671014606,21.296072585787503,2.3219932621189443,0.4247818231081565,7.411151072793608,6.10964785707392,7.642642933651956,0.0274227173382695,0.026297116989350132,0.8405584045950806
112.0,24.46019181696828,21.642876578621497,2.3925334132946565,0.42478182505212525,7.407207383991899,6.109676834166184,7.642766701593102,0.027469666393948836,0.02628705976453098,0.8403175581844217
114.0,24.877235152819917,21.989396310627612,2.4630570151920304,0.42478182700026784,7.40330022954984,6.109705951687548,7.642890620701335,0.02751753329841984,0.026277002238650465,0.8400764125522736
116.0,25.29398465007872,22.335638385006902,2.5335644361441276,0.42478182892768745,7.3994286633374795,6.109735212774284,7.64301469282415,0.027566298182084538,0.026266944368480843,0.8398349604590254
118.0,25.710446754938896,22.68160892614591,2.604055997977579,0.42478183081540455,7.395591777374818,6.109764618965985,7.643138919277689,0.027615942000236836,0.02625688612664698,0.839593198561815
120.0,26.126627343822513,23.02731353692751,2.674531974246002,0.4247818326489926,7.391788699835994,6.109794171202401,7.643263300960246,0.027666446488456266,0.026246827502250047,0.839351124917531
122.0,26.542531650706636,23.372757228314516,2.7449925879745463,0.424781834417569,7.388018592820524,6.109823870229918,7.643387837512767,0.02771779419488827,0.026236768572584935,0.8391087394730559
124.0,26.95816409939969,23.717944261978968,2.8154380013076787,0.42478183611304027,7.384280651310149,6.109853716565012,7.643512528722642,0.027769968306230006,0.026226709396253087,0.8388660425745248
126.0,27.37352802822848,24.062877888407215,2.8858683020917395,0.42478183772952866,7.380574101622061,6.109883710560469,7.643637375899944,0.02782295259168468,0.026216649908947096,0.8386230324558023
128.0,27.78862513169986,24.407559816882028,2.9562834755549097,0.4247818392629218,7.376898199037214,6.109913853022338,7.643762378177028,0.02787673153738251,0.026206590213227035,0.8383797095287825
130.0,28.20345421069151,24.751989031343392,3.0266833386375946,0.4247818407105176,7.37325222662713,6.109944144392457,7.643887534357218,0.02793129025409581,0.026196530437670423,0.8381360754349728
132.0,28.618007984689054,25.096158768163125,3.0970673744551975,0.4247818420707278,7.369635493527142,6.109974584903754,7.644012841722049,0.02798661452505423,0.026186470823131164,0.8378921342654113
134.0,29.03226260413312,25.440046582540198,3.1674341782501356,0.42478184334278235,7.366047332490993,6.11000517456385,7.64413829348947,0.028042690992170636,0.02617641192911514,0.8376478961741752
136.0,29.446123667324986,25.783563221046823,3.2377786017519776,0.4247818445261819,7.362487100039999,6.11003591239313,7.644263881823662,0.028099506876810742,0.026166354389373946,0.8374033748403159
138.0,29.806324495089193,26.082536969564057,3.2990056809989494,0.4247818445261819,7.358954162835662,6.110066797477851,7.644389570098322,0.028157052316675084,0.026156301069281587,0.8371586236414986
140.0,30.166345136192174,26.3813402937243,3.360222997940756,0.42478184452712275,7.355438208203886,6.110098271399086,7.64449342230226,0.028217154536488445,0.026147952895068084,0.8369431198731689
142.0,30.526191180480957,26.679978381659303,3.421430954293335,0.42478184452832185,7.351948241251863,6.110125153968656,7.644597340678713,0.028277963775188864,0.026139590945571747,0.8367372266325774
144.0,30.885864233318216,26.978453054572597,3.48262933421594,0.42478184452968243,7.348483722432734,6.110150720678739,7.642265759074329,0.028339466810792708,0.026131220824376796,0.8365339156616363
146.0,31.245366384278924,27.276766533126022,3.543818006621771,0.42478184453112405,7.345044124574923,6.1101759908640725,7.635188832955826,0.028401652055343545,0.02612285281089326,0.8363310770000221
148.0,31.604699516996245,27.574920854892376,3.6049968175712808,0.4247818445325809,7.341628939455573,6.1102012697577175,7.628175641374132,0.028464508137426986,0.026114465606948797,0.8361280781447145
150.0,31.963865334449057,27.87291789588806,3.666165594026996,0.4247818445339985,7.338237670317584,6.110226649198338,7.621212345881373,0.0285280251666917,0.02610608189295058,0.8359247303780963
152.0,32.32286534629556,28.17075936021859,3.7273241415416347,0.4247818445353327,7.3348698406836,6.110252156996925,7.614289541018475,0.028592192727627253,0.02609767779792337,0.8357209819440392
154.0,32.6817008630891,28.468446775660226,3.7884722428923356,0.42478184453654705,7.331524989445127,6.110277800952584,7.6074006384477,0.028657001136438317,0.026089278775382176,0.8355168117511211
156.0,33.04037300948963,28.76598150485333,3.8496096600986824,0.4247818445376128,7.328202674099234,6.110303584681973,7.600540925544003,0.02872244020901983,0.02608085745280586,0.8353122125987849
158.0,33.398882751632506,29.06336476840286,3.910736138691135,0.42478184453850654,7.324902444129823,6.110329509735,7.593706925039073,0.028806432366305014,0.0260724430197812,0.8351071844621714
160.0,33.75723086997996,29.36059762234104,3.9718514030997096,0.42478184453921214,7.321623916999833,6.11035557661852,7.586895974709567,0.029022772291640308,0.026064005025934416,0.8349017312908047
162.0,34.115417964885964,29.657680962950057,4.0329551573959685,0.42478184453995155,7.318366671105388,6.11038178515006,7.58010587050156,0.029241743225474563,0.026055575693111843,0.8346958500626973
164.0,34.47344446370296,29.954615532685402,4.094047086476806,0.42478184454074663,7.315130318861678,6.110408136313819,7.573334761269625,0.02946341291071984,0.026047120899428167,0.8344895400401493
166.0,34.83131062886814,30.251401926961396,4.155126857365142,0.42478184454159734,7.3119144791461235,6.110434630726392,7.56658103927861,0.029687843737717094,0.0260386767147154,0.8342828021975169
168.0,35.18901655084962,30.548040588065955,4.216194118241163,0.4247818445425034,7.3087187886003635,6.110461268717546,7.562767018348533,0.029915097986198392,0.026030205452583086,0.8340756377226027
170.0,35.546562155150625,30.844531810823856,4.277248499783292,0.4247818445434645,7.305542889606513,6.110488050618902,7.562812796459634,0.030145235451352708,0.026021746852229286,0.8338680484197435
172.0,35.90394720755023,31.140875746456913,4.338289616548829,0.42478184454448065,7.30238642639657,6.110514976645763,7.562944416033665,0.030376151034488305,0.02601320911345275,0.8336600367043119
174.0,36.261171297056705,31.43707238779434,4.399317064716813,0.4247818445455514,7.299249090414428,6.1105420469710525,7.563027581163959,0.03060954020058722,0.02600468604684461,0.8334516106161186
176.0,36.61823381707003,31.733121552464482,4.460330420058859,0.4247818445466767,7.296130548574046,6.110569260789028,7.563159427159345,0.030845569827812003,0.025996132977619286,0.8332427687685173
178.0,36.975133971473824,32.02902288655482,4.521329240371151,0.4247818445478562,7.293030484958008,6.110596618856805,7.563242786857736,0.031084374448774398,0.02598759632428703,0.8330335124722763
180.0,37.3318707483985,32.324775840398964,4.582313063450447,0.42478184454908996,7.289948598365013,6.110624121463321,7.563374849634832,0.03132604998577337,0.02597902831435041,0.8328238446648328
182.0,37.6884428979946,32.620379646669804,4.643281406774417,0.42478184455037743,7.286884591488445,6.110651768647462,7.563458396953749,0.03157068805106717,0.025970478826694416,0.832613768393159
184.0,38.04484888028978,32.915833271500624,4.704233764237443,0.4247818445517185,7.283838180840577,6.110679560423085,7.5635906620434765,0.0318183570335903,0.025961896589796005,0.8324032877909096
186.0,38.401086797197884,33.21113534927079,4.765169603373976,0.42478184455311296,7.280809086359882,6.1107074966604324,7.56367439006323,0.03206913186626864,0.025953335094483155,0.8321924065095653
188.0,38.75715426070522,33.50628405826755,4.826088357883113,0.42478184455456053,7.277797040968629,6.11073557728689,7.563806842085616,0.03232307009393602,0.025944739435548043,0.8319811295837036
190.0,39.11304817513622,33.80127691370064,4.886989416879519,0.42478184455606105,7.2748017805856655,6.110763802014214,7.563890743152928,0.03258024048616385,0.025936166868302985,0.8317694614073626
192.0,39.468764303517624,34.09611035752923,4.947872101430784,0.42478184455761414,7.271823053282073,6.110792170641565,7.5640233647417,0.03284069623100512,0.025927558726728507,0.831557408228434
194.0,39.82429637208428,34.39077890974985,5.008735617775207,0.42478184455921975,7.268860609677079,6.1108206826883364,7.564107429533128,0.03310450358727017,0.025918976204384166,0.8313449758308732
196.0,40.179633891181766,34.685273105523414,5.069578941097476,0.42478184456087714,7.2659142115965984,6.110849337725922,7.564240199268745,0.03337171281598467,0.025910356786129782,0.8311321728497529
198.0,40.53475571474672,34.979573396719466,5.130400473464669,0.4247818445625861,7.26298362260677,6.110878134876724,7.564324414103999,0.03364238795099754,0.02590176586975271,0.8309190089626419
200.0,40.88960270133822,35.273624272901394,5.19119658387247,0.42478184456434565,7.260068615359266,6.110907073101717,7.5644572966220895,0.03391657484617937,0.02589313727934541,0.8307055019105847
202.0,41.18750749637034,35.52039350564268,5.242332146160001,0.42478184456765483,7.253242219259793,6.1112271029970655,7.572074862081931,0.03875590365316833,0.025144214405445467,0.8166427322577311
204.0,41.481431427930794,35.76375810182368,5.292891481530095,0.42478184457702195,7.203115930620568,6.1140232441755105,7.5773265149125315,0.04748039696087358,0.024654677080810945,0.8021139201740182
206.0,41.772524734773484,36.00469531518192,5.343047574999368,0.4247818445921916,7.120526148778701,6.116960259752543,7.581377376142304,0.059839749241202764,0.024290766809394723,0.7896768297917286
208.0,42.06130456148558,36.24363885179062,5.392883865083225,0.42478184461172486,7.047506167764405,6.119661864037403,7.584729151899382,0.07496513588346439,0.023998550508272466,0.7790872970243418
210.0,42.34913691422717,36.48175365563678,5.442601413959218,0.4247818446311747,7.004961418706976,6.12146124322495,7.585610491647382,0.08670837541464048,0.023923796322914383,0.7742300464341689
212.0,42.59736041792813,36.68711390883785,5.485464664454248,0.42478184463603363,6.984011903983482,6.122150038504831,7.585634684783929,0.0934587982050831,0.023922222259226196,0.7728708088515025
214.0,42.835645838077326,36.88425391442606,5.526610079013651,0.4247818446376249,6.972562553708013,6.122355883857179,7.5857383273720265,0.09720761477347944,0.0239168655689252,0.7723808433883783
216.0,43.07381873353323,37.08129387496747,5.567743013926523,0.4247818446392229,6.9651799443953015,6.122444854530944,7.585798762919571,0.09957010044044365,0.0239117442006161,0.772118819774567
218.0,43.311871072198315,37.27822661869952,5.6088626088579705,0.4247818446408275,6.959946234949509,6.122502670905467,7.585858500552862,0.10115849019643547,0.023906634207995308,0.7719165221118329
220.0,43.54979257522489,37.4750427740082,5.649967956574257,0.42478184464243857,6.955835145540561,6.1225524630195505,7.585917885969158,0.10233216753941463,0.02390152829742821,0.7717295554833244
222.0,43.78756768569408,37.67172797877413,5.691057862275894,0.4247818446440561,6.952314652809391,6.1226002789903475,7.585977101185626,0.10328638002934248,0.023896423337562457,0.7715463332553011
224.0,44.02516984245979,37.86825746685447,5.732130530959632,0.4247818446456799,6.949107600385234,6.122647696407906,7.586036239302119,0.10412574097955421,0.0238913179042961,0.7713638380391645
226.0,44.2625448616675,38.064580357763596,5.773182659256595,0.42478184464730934,6.946069374560675,6.1226951243852,7.586095348626892,0.1049058432523949,0.023886211557396352,0.7711812963787582
228.0,44.45092415289343,38.22041178218417,5.8057305260618275,0.4247818446474355,6.943124610480176,6.122742663787149,7.586154449493859,0.10565603614220778,0.02388110483685943,0.7709985362872087
230.0,44.63921438480588,38.37616586687126,5.838266673287055,0.42478184464756735,6.940411832259994,6.122784938493581,7.586200262698411,0.10631852348950438,0.023877117874873396,0.7708452014562898
232.0,44.82741515666896,38.53184219093044,5.870791121090825,0.4247818446477046,6.937816012272121,6.122823127376793,7.586276757235168,0.10693869496545963,0.023873108547815457,0.7706997475920352
234.0,45.01552223396409,38.68743705131104,5.903303338005199,0.42478184464784746,6.93528446841484,6.12286032515153,7.5863533689075116,0.10753778283777982,0.023869094803938153,0.7705561220679793
236.0,45.203530341353805,38.84294576080693,5.935802735898879,0.4247818446479957,6.932789901253768,6.122897356711426,7.586430096341708,0.10812686764253229,0.02386507684173653,0.7704127494122268
238.0,45.39143245656081,38.99836198289595,5.9682886290167065,0.42478184464814955,6.9303181479669504,6.122934435529329,7.586506935786792,0.10871173042488946,0.023861054910313914,0.7702692261270125
240.0,45.579218455008686,39.15367644852977,6.000760161830601,0.42478184464830887,6.927861839804843,6.122971616570045,7.586583887415425,0.10929539083684946,0.023857029036371758,0.7701254479586322
242.0,45.766872030456206,39.30887404317369,6.033216142634035,0.42478184464847374,6.92541717345016,6.123008913311997,7.586660947252187,0.10987940858294906,0.02385299945376535,0.7699813935607589
244.0,45.95436241556714,39.46392597720696,6.065654593711534,0.4247818446486441,6.922982215305705,6.123046327203072,7.586738108480193,0.11046457226552142,0.023848966565899837,0.7698370676420182
246.0,46.13198561395104,39.610808376471844,6.096395392830405,0.4247818446487866,6.920556067262666,6.123083854965816,7.586815357240529,0.1110512390175909,0.023844931047157004,0.7696924887246034
248.0,46.27092377611335,39.7257275824728,6.120414348991752,0.4247818446487961,6.918172789922844,6.123121414899738,7.586859429422632,0.11162565085416373,0.023841118302482128,0.7695523845336973
250.0,46.40978347966853,39.84058040117291,6.144421233846816,0.42478184464880586,6.915949595413906,6.123153616642268,7.586915391664722,0.11213488719874327,0.02383818950035161,0.769437875482465
